链接,年份,月份
http://www.gscdc.net/html/news/yqtb/yqtb-show-5815.html,2022,12
http://www.gscdc.net/html/news/yqtb/yqtb-show-5816.html,2023,1
http://www.gscdc.net/html/news/yqtb/yqtb-show-5885.html,2023,2
http://www.gscdc.net/html/news/yqtb/yqtb-show-6000.html,2023,3
http://www.gscdc.net/html/news/yqtb/yqtb-show-6118.html,2023,4
http://www.gscdc.net/html/news/yqtb/yqtb-show-6294.html,2023,5
http://www.gscdc.net/html/news/yqtb/yqtb-show-6452.html,2023,6
http://www.gscdc.net/html/news/yqtb/yqtb-show-6597.html,2023,7
http://www.gscdc.net/html/news/yqtb/yqtb-show-6741.html,2023,8
http://www.gscdc.net/html/news/yqtb/yqtb-show-6878.html,2023,9
http://www.gscdc.net/html/news/yqtb/yqtb-show-7035.html,2023,10
http://www.gscdc.net/html/news/yqtb/yqtb-show-7158.html,2023,11
http://www.gscdc.net/html/news/yqtb/yqtb-show-7355.html,2023,12
